<?xml version="1.0" encoding="utf-8" ?>
<Defs>
  <RulePackDef>
    <defName>RAZ_ArtName_Play</defName>
    <include>
      <li>ArtNameUtility</li>
    </include>
    <rulePack>
      <rulesStrings>
        <li>r_art_name->[ANYPAWN_nameIndef]</li>
        <li>r_art_name->[drug]</li>
        <li>r_art_name->[disease]</li>
        <li>r_art_name->[disease] &#038; [drug]</li>
        <li>r_art_name->[material] &#038; [drug]</li>
        <li>r_art_name->[weapon]s &#038; [drug]</li>
        <li>r_art_name->The [material] [weapon]</li>
        <li>r_art_name->[ANYPAWN_nameIndef] [romannumeral] (Part I)</li>
        <li>r_art_name->[relationType] [ANYPAWN_nameIndef]</li>
        <li>r_art_name->[prename] [ANYPAWN_nameIndef]</li>
        <li>r_art_name->[preplace] [place]</li>
        <li>r_art_name->The [material] [furniture]</li>
        <li>r_art_name->The [adjective] [animal]</li>
        <li>r_art_name->The [adjective] [weapon]</li>
        <li>r_art_name->The [adjective] [furniture]</li>
        <li>r_art_name->[preconcept] [ConceptAny]</li>
        <li>r_art_name->[ConceptAny]</li>
        <li>r_art_name->[prenoun] [animalType]</li>
        <li>r_art_name->[prenoun] [weapon]</li>
        <li>r_art_name->[animalType] on a [oneSylAdj] [material] roof</li>
        <li>r_art_name->All My [relationType]s</li>
        <li>r_art_name->All My [animalType]s</li>
        
        <li>relationType->Brother</li>
        <li>relationType->Sister</li>
        <li>relationType->Uncle</li>
        <li>relationType->Aunt</li>
        <li>relationType->Cousin</li>
        
        <li>drug->Smokeleaf</li>
        <li>drug->Go-Juice</li>
        <li>drug->Yayo</li>
        <li>drug->Whisky</li>
        <li>drug->Luciferum</li>
        <li>drug->Flake</li>
        <li>drug->Coffee</li>
        
        <li>disease->Heart Attack</li>
        <li>disease->Hypothermia</li>
        <li>disease->Heatstroke</li>
        <li>disease->Influenza</li>
        <li>disease->Mechanites</li>
        <li>disease->Parasites</li>
        <li>disease->Malaria</li>
        <li>disease->Sleeping Sickness</li>
        <li>disease->Dementia</li>
        <li>disease->Carcinoma</li>
        
        <li>material->Steel</li>
        <li>material->Gold</li>
        <li>material->Silver</li>
        <li>material->Copper</li>
        <li>material->Titanium</li>
        <li>material->Uranium</li>
        <li>material->Tin</li>
        <li>material->Marble</li>
        <li>material->Devilstrand</li>
        <li>material->Synthread</li>
        <li>material->Tantalum</li>
        <li>material->Obsidian</li>
        <li>material->Thrumbohorn</li>
        <li>material->Glass</li>
        
        <li>weapon->Gun</li>
        <li>weapon->Gladius</li>
        <li>weapon->Longsword</li>
        <li>weapon->Club</li>
        <li>weapon->Survival Rifle</li>
        <li>weapon->Sniper Rifle</li>
        <li>weapon->Pistol</li>
        <li>weapon->Knife</li>
        
        <li>prename->The Tragical History of the Life and Death of</li>
        <li>prename->The Exciting Adventures of</li>
        <li>prename->The Importance of Being</li>
        <li>prename->Who's Afraid of</li>
        <li>prename->Waiting for </li>
        
        <li>preplace->The Good Person of</li>
        <li>preplace->The Merry Wives of</li>
        <li>preplace->The Pirates of</li>
        <li>preplace->The Raiders of</li>
        <li>preplace->The Merchant of</li>
        <li>preplace->A Tale of</li>
        <li>preplace->Two Gentlemen of</li>
        
        <li>place->Glasgow</li>
        <li>place->the Orion Installation</li>
        <li>place->the Rim</li>
        <li>place->the Village</li>
        <li>place->the Dining Room</li>
        <li>place->Old Earth</li>
        <li>place->Prison</li>
        <li>place->the Rec Room</li>
        <li>place->the Desert</li>
        <li>place->the Ocean</li>
        <li>place->the Rings of the Imperium</li>
        
        <li>furniture->Bed</li>
        <li>furniture->Desk</li>
        <li>furniture->Wall</li>
        <li>furniture->Chair</li>
        <li>furniture->Lamp</li>
        <li>furniture->Mirror</li>
        <li>furniture->Lazy Susan</li>
        <li>furniture->Comm Console</li>
        
        <li>animalType->Thrumbo</li>
        <li>animalType->Muffalo</li>
        <li>animalType->Boomrat</li>
        <li>animalType->Boomalope</li>
        <li>animalType->Megatherum</li>
        <li>animalType->Fox</li>
        <li>animalType->Wolf</li>
        <li>animalType->Cat</li>
        <li>animalType->Swan</li>
        <li>animalType->Puffin</li>
        <li>animalType->Penguin</li>
        <li>animalType->Warg</li>
        <li>animalType->Alphabeaver</li>
        <li>animalType->Labrador</li>
        <li>animalType->Husky</li>
        <li>animalType->Alpaca</li>
        <li>animalType->Squirrel</li>
        <li>animalType->Swordfish</li>
        <li>animalType->Rat</li>
        
        <li>prenoun->Lady Windemere's</li>
        <li>prenoun->The </li>
        <li>prenoun->A Doll's</li>
        
        <li>preconcept->A Midsummer Night's</li>
        <li>preconcept->A Winter's </li>
        <li>preconcept->A [weapon] Named</li>
        <li>preconcept->A [animalType] Named</li>
        <li>preconcept->A Streetcar Named</li>
        <li>preconcept->Much Ado About</li>
        
        <li>adjective->Happy</li>
        <li>adjective->Unfortunate</li>
        <li>adjective->Irrelevant</li>
        <li>adjective->Hidden</li>
        <li>adjective->Missing</li>
        <li>adjective->Last</li>
        <li>adjective->Hopeful</li>
        
        <li>oneSylAdj->New</li>
        <li>oneSylAdj->Red</li>
        <li>oneSylAdj->Blue</li>
        <li>oneSylAdj->Fast</li>
        <li>oneSylAdj->Whole</li>
        <li>oneSylAdj->Neat</li>
        <li>oneSylAdj->Green</li>
        <li>oneSylAdj->Gold</li>
        <li>oneSylAdj->Trite</li>
        <li>oneSylAdj->One</li>
        <li>oneSylAdj->Cold</li>
        <li>oneSylAdj->Hot</li>
        <li>oneSylAdj->Fine</li>        
        <li>oneSylAdj->Bold</li>
        <li>oneSylAdj->Soft</li>
        <li>oneSylAdj->Hard</li>
        <li>oneSylAdj->Rough</li>
        <li>oneSylAdj->Smooth</li>
        <li>oneSylAdj->Drunk</li>
        <li>oneSylAdj->Slow</li>
        <li>oneSylAdj->Black</li>    
        <li>oneSylAdj->Dark</li>        
        <li>oneSylAdj->Tired</li>
        <li>oneSylAdj->Tough</li>
        <li>oneSylAdj->Pure</li>
        <li>oneSylAdj->Lost</li>
        <li>oneSylAdj->Loathed</li>
        <li>oneSylAdj->Loved</li>
        <li>oneSylAdj->Dry</li>
        <li>oneSylAdj->Wet</li>    
      </rulesStrings>
    </rulePack>
  </RulePackDef>

  <RulePackDef>
    <defName>RAZ_ArtDescription_Play</defName>
    <rulePack>
      <rulesStrings>
        <li>r_art_description->This [playType] is set [setting], and explores themes of [theme] and [theme] [secondSentencePart]. [play_tale_context]</li>
        <li>r_art_description->This [playType] is set [setting], and explores themes of [theme] and [theme] [secondSentencePart]. [play_tale_context]</li>
        <li>r_art_description->This [playType] is set [setting], and explores themes of [theme] and [theme] [secondSentencePart]. [play_tale_context]</li>
        <li>r_art_description->This [playType] is set [setting], and explores themes of [theme] and [theme] [secondSentencePart]. [play_tale_context]</li>
        <li>r_art_description->This [playType] is set [setting], and explores themes of [theme] and [theme] [secondSentencePart]. [play_tale_context]</li>
        <li>r_art_description->This [playType] is set [setting], and explores themes of [theme] and [theme] [secondSentencePart]. [play_tale_context]</li>
        <li>r_art_description->This [playType] is set [setting], and explores themes of [theme] and [theme] [secondSentencePart].</li>
        <li>r_art_description->This [playType] is set [setting], and explores themes of [theme] and [theme] [secondSentencePart].</li>
        <li>r_art_description->This [playType] is set [setting], and explores themes of [theme] and [theme] [secondSentencePart].</li>
        <li>r_art_description->This [playType] is set [setting], and explores themes of [theme] and [theme] [secondSentencePart].</li>
        <li>r_art_description->This [playType] is set [setting], and explores themes of [theme] and [theme] [secondSentencePart].</li>
        <li>r_art_description->This [playType] is set [setting], and explores themes of [theme] and [theme] [secondSentencePart].</li>
              
        <li>play_tale_context->This [depiction] is inspired by [tale_noun] on [DATE].</li>
        <li>play_tale_context->This [depiction] unsubtly parodies [tale_noun] on [DATE].</li>
        <li>play_tale_context->The plot makes numerous references to [tale_noun] on [DATE].</li>
              
        <li>playType->comedy</li>
        <li>playType->comedy</li>
        <li>playType->comedy</li>
        <li>playType->farce</li>
        <li>playType->farce</li>
        <li>playType->satire</li>
        <li>playType->satire</li>
        <li>playType->tragedy</li>
        <li>playType->tragedy</li>
        <li>playType->tragedy</li>
        <li>playType->history</li>
        <li>playType->history</li>
        <li>playType->melodrama</li>
        <li>playType->melodrama</li>
        <li>playType->tragic comedy</li>
        <li>playType->didactic drama</li>
        <li>playType->burlesque</li>
        <li>playType->travesty</li>
        <li>playType->kabuki</li>
        <li>playType->nuo drama</li>
        <li>playType->egungun masquerade</li>
        <li>playType->kathakali</li>
        
        <li>theme->sexuality</li>
        <li>theme->religion</li>
        <li>theme->identity</li>
        <li>theme->joy</li>
        <li>theme->determinism</li>
        <li>theme->bigotry</li>
        <li>theme->prejudice</li>
        <li>theme->jingoism</li>
        <li>theme->violence</li>
        <li>theme->gender</li>
        <li>theme->mortality</li>
        <li>theme->bionic enhancement</li>
        <li>theme->artificial intelligence</li>
        <li>theme->abandonment</li>
        <li>theme->isolation</li>
        <li>theme->community</li>
        <li>theme->chaos</li>
        <li>theme->beauty</li>
        <li>theme->power</li>
        <li>theme->character</li>
        <li>theme->courage</li>
        <li>theme->sickness</li>
        <li>theme->lost purpose</li>
        <li>theme->immortality</li>
        <li>theme->transhumanism</li>
        <li>theme->injustice</li>
        <li>theme->lost innocence</li>
        <li>theme->solace</li>
        <li>theme->hope</li>
        <li>theme->love</li>
        <li>theme->animal personhood</li>
        <li>theme->robotic personhood</li>
        <li>theme->personhood</li>
        <li>theme->sexism</li>
        <li>theme->materialism</li>
        <li>theme->democracy</li>
        <li>theme->sectarianism</li>
        <li>theme->corruption</li>
        <li>theme->incomplete knowledge</li>
        <li>theme->technology</li>
        <li>theme->totalitarianism</li>
        <li>theme->class warfare</li>
        <li>theme->vulnerability</li>
        <li>theme->megalomania</li>
        <li>theme->traditionalism</li>
        <li>theme->parenthood</li>
        <li>theme->betrayal</li>
        <li>theme->friendship</li>
        <li>theme->trust</li>
        <li>theme->displacement</li>
        <li>theme->salvation</li>
        <li>theme->family</li>
        <li>theme->purpose</li>
        <li>theme->addiction</li>
        <li>theme->autonomy</li>
        <li>theme->consequence</li>
        <li>theme->sanity</li>
        <li>theme->subjective experience</li>
        <li>theme->tolerance</li>    
        <li>theme->anarcho-syndicalism</li>
        <li>theme->urbworld crime</li>
        <li>theme->linguistics</li>
        <li>theme->learning</li>
        <li>theme->loyalty</li>
        <li>theme->environmentalism</li>
        <li>theme->drug use</li>
        <li>theme->rationalism</li>
        <li>theme->science</li>
        <li>theme->surveillance</li>
        <li>theme->culture</li>
        <li>theme->valor</li>
        <li>theme->war</li>
        <li>theme->spirituality</li>
        <li>theme->depression</li>
        <li>theme->transcendence</li>
        <li>theme->social anxiety</li>
        
        <li>setting->on a [shipAdj] [shipType] [shipLocation]</li>
        <li>setting->in a [worldDescription] [iWorldType] [worldLocationType]</li>
        
        <li>shipAdj->mysterious</li>
        <li>shipAdj->sentient</li>
        <li>shipAdj->labyrinthine</li>
        <li>shipAdj->derelict</li>
        <li>shipAdj->huge</li>
        <li>shipAdj->beautiful</li>
        <li>shipAdj->lively</li>
        <li>shipAdj->battered</li>
        <li>shipAdj->decommissioned</li>
        
        <li>shipType->space station</li>
        <li>shipType->trade ship</li>
        <li>shipType->time clipper</li>
        <li>shipType->freighter</li>
        <li>shipType->pleasure cruiser</li>
        <li>shipType->command carrier</li>
        <li>shipType->mining junk</li>
        <li>shipType->gilded corsair</li>
        <li>shipType->warship</li>
        <li>shipType->plasteel corvette</li>
        <li>shipType->passenger liner</li>
        <li>shipType->gunboat</li>
        
        <li>shipLocation->orbiting a [worldType]</li>
        <li>shipLocation->crashed on a [worldType]</li>
        <li>shipLocation->en route to a [worldType]</li>
        <li>shipLocation->spiralling toward a [worldType]</li>
        <li>shipLocation->lost in [spaceLocation]</li>
        <li>shipLocation->exploring [spaceLocation]</li>
        <li>shipLocation->travelling through [spaceLocation]</li>
        
        <li>worldType->GlitterWorld</li>
        <li>worldType->MidWorld</li>
        <li>worldType->RimWorld</li>
        <li>worldType->HiveWorld</li>
        <li>worldType->TunnelWorld</li>
        <li>worldType->CoreWorld</li>
        <li>worldType->[worldDescription] planet</li>
        <li>worldType->[worldDescription] gas giant</li>
        <li>worldType->[worldDescription] moon</li>
        <li>worldType->[worldDescription] asteroid</li>
        
        <li>iWorldType->GlitterWorld</li>
        <li>iWorldType->MidWorld</li>
        <li>iWorldType->RimWorld</li>
        <li>iWorldType->HiveWorld</li>
        <li>iWorldType->TunnelWorld</li>
        <li>iWorldType->CoreWorld</li>
        
        <li>worldDescription->rogue</li>
        <li>worldDescription->mysterious</li>
        <li>worldDescription->lost</li>
        <li>worldDescription->beautiful</li>
        <li>worldDescription->dystopian</li>
        <li>worldDescription->portentous</li>
        <li>worldDescription->strange</li>
        <li>worldDescription->fractured</li>
        <li>worldDescription->cursed</li>
        
        <li>spaceLocation->an asteroid belt</li>
        <li>spaceLocation->deep space</li>
        <li>spaceLocation->a nebula</li>
        <li>spaceLocation->a stellar nursery</li>
        <li>spaceLocation->a dark matter system</li>
        <li>spaceLocation->a cosmic string</li>
        <li>spaceLocation->a parallel universe</li>
        
        <li>worldLocationType->city</li>
        <li>worldLocationType->desert</li>
        <li>worldLocationType->ruin</li>
        <li>worldLocationType->mountainside</li>
        <li>worldLocationType->kitchen</li>
        <li>worldLocationType->bar</li>
        <li>worldLocationType->home</li>
        <li>worldLocationType->barrack</li>
        <li>worldLocationType->municipality</li>
        <li>worldLocationType->government building</li>
        
        <li>secondSentencePart-> through the [characterInteraction] of its characters, a [characterType] and a [characterType]</li>
        <li>secondSentencePart-> through the [imageAdj] image of [imageType]</li>
        <li>secondSentencePart-> through its use of [languageType] and [meterType]</li>
        
        <li>characterInteraction->friendship</li>
        <li>characterInteraction->blooming romance</li>
        <li>characterInteraction->juxtaposition</li>
        <li>characterInteraction->antagonism</li>
        <li>characterInteraction->rivalry</li>
        <li>characterInteraction->hostility, then mutual respect</li>
        <li>characterInteraction->secret affair</li>
        <li>characterInteraction->comedic misunderstandings</li>
        <li>characterInteraction->creeping embitterment</li>
        
        <li>characterType->raider</li>
        <li>characterType->tribesperson</li>
        <li>characterType->colonist</li>
        <li>characterType->pirate</li>
        <li>characterType->textiles trader</li>
        <li>characterType->traveller</li>
        <li>characterType->muffalo herder</li>
        <li>characterType->thrumbo charmer</li>
        <li>characterType->boomrat messiah</li>
        <li>characterType->boomalope trainer</li>
        <li>characterType->shaman</li>
        <li>characterType->wandering player</li>
        <li>characterType->devilstrand farmer</li>
        <li>characterType->megatherum rider</li>
        <li>characterType->vatgrown soldier</li>
        <li>characterType->scientist</li>
        <li>characterType->slave</li>
        
        <li>imageAdj->repeated</li>
        <li>imageAdj->haunting</li>
        <li>imageAdj->blunt</li>
        <li>imageAdj->unnerving</li>
        <li>imageAdj->subtle</li>
        <li>imageAdj->dadaesque</li>
        <li>imageAdj->dark</li>
        
        <li>imageType->a [animalType] [animalDoing].</li>
        <li>imageType->a [objectAdj] [objectMaterial] [objectType]</li>
        
        <li>animalType->thrumbo</li>
        <li>animalType->muffalo</li>
        <li>animalType->wolf</li>
        <li>animalType->fox</li>
        <li>animalType->boomrat</li>
        <li>animalType->boomalope</li>
        <li>animalType->megatherum</li>
        <li>animalType->cat</li>
        <li>animalType->swan</li>
        <li>animalType->puffin</li>
        <li>animalType->penguin</li>
        <li>animalType->vatgrown gamma</li>
        <li>animalType->roomba</li>
        <li>animalType->warg</li>
        
        <li>animalDoing->lying on the ground</li>
        <li>animalDoing->consuming a [object]</li>
        <li>animalDoing->wailing</li>
        <li>animalDoing->dying</li>
        <li>animalDoing->drowning</li>
        <li>animalDoing->burning</li>
        <li>animalDoing->watching</li>
        <li>animalDoing->interminably waiting</li>
        
        <li>objectAdj->broken</li>
        <li>objectAdj->large</li>
        <li>objectAdj->cartoonish</li>
        <li>objectAdj->painted</li>
        <li>objectAdj->frozen</li>
        <li>objectAdj->stolen</li>
        
        <li>objectMaterial->gold</li>
        <li>objectMaterial->silver</li>
        <li>objectMaterial->steel</li>
        <li>objectMaterial->bronze</li>
        <li>objectMaterial->plasteel</li>
        <li>objectMaterial->uranium</li>
        <li>objectMaterial->tantalum</li>
        <li>objectMaterial->titanium</li>
        <li>objectMaterial->stone</li>
        <li>objectMaterial->copper</li>
        <li>objectMaterial->plastic</li>
        
        <li>objectType->rifle</li>
        <li>objectType->shield</li>
        <li>objectType->bed</li>
        <li>objectType->pistol</li>
        <li>objectType->plant pot</li>
        <li>objectType->statue</li>
        <li>objectType->mask</li>
        <li>objectType->helmet</li>
        <li>objectType->hammer</li>
        <li>objectType->sword</li>
        
        <li>languageType->speedy worldplay</li>
        <li>languageType->purple prose</li>
        <li>languageType->flowery prose</li>
        <li>languageType->lyrical text</li>
        <li>languageType->endless monologuing</li>
        <li>languageType->stilted, naturalistic conversation</li>
        <li>languageType->unexpected silence</li>
        
        <li>meterType->blank verse</li>
        <li>meterType->rhythmic, punchy dialogue</li>
        <li>meterType->patter songs</li>
        <li>meterType->trochaic meter</li>
        <li>meterType->dactylic form</li>
      </rulesStrings>
    </rulePack>
  </RulePackDef>
</Defs>
